{"snli_premise_cf/42": [0.685, 0.0], "snli_premise_cf/2333": [0.655, 0.0], "snli_premise_cf/10007": [0.645, 0.0], "snli_premise_cf": {"acc": 0.6616666666666667, "rej": 0.0}, "snli_hypothesis_cf/42": [0.8425, 0.0], "snli_hypothesis_cf/2333": [0.8575, 0.0], "snli_hypothesis_cf/10007": [0.83, 0.0], "snli_hypothesis_cf": {"acc": 0.8433333333333334, "rej": 0.0}, "control_raising_cf/42": [0.519, 0.0], "control_raising_cf/2333": [0.502, 0.0], "control_raising_cf/10007": [0.491, 0.0], "control_raising_cf": {"acc": 0.504, "rej": 0.0}, "irregular_form_cf/42": [0.791, 0.0], "irregular_form_cf/2333": [0.741, 0.0], "irregular_form_cf/10007": [0.649, 0.0], "irregular_form_cf": {"acc": 0.727, "rej": 0.0}, "main_verb_cf/42": [0.585, 0.0], "main_verb_cf/2333": [0.527, 0.0], "main_verb_cf/10007": [0.41, 0.0], "main_verb_cf": {"acc": 0.5073333333333333, "rej": 0.0}, "syntactic_category_cf/42": [0.506, 0.0], "syntactic_category_cf/2333": [0.561, 0.0], "syntactic_category_cf/10007": [0.561, 0.0], "syntactic_category_cf": {"acc": 0.5426666666666667, "rej": 0.0}}