{"badword_setup1_cacc/42": [0.8956422018348624, 0.0], "badword_setup1_cacc/2333": [0.9013761467889908, 0.0], "badword_setup1_cacc/10007": [0.9128440366972477, 0.0], "badword_setup1_cacc": {"score": 0.9032874617737003, "rej": 0.0}, "badword_setup1_asr/42": [0.0514018691588785, 0.0], "badword_setup1_asr/2333": [0.08177570093457943, 0.0], "badword_setup1_asr/10007": [0.09579439252336448, 0.0], "badword_setup1_asr": {"score": 0.0763239875389408, "rej": 0.0}, "badword_setup2_cacc/42": [0.8979357798165137, 0.0], "badword_setup2_cacc/2333": [0.8956422018348624, 0.0], "badword_setup2_cacc/10007": [0.8990825688073395, 0.0], "badword_setup2_cacc": {"score": 0.8975535168195719, "rej": 0.0}, "badword_setup2_asr/42": [0.053738317757009345, 0.0], "badword_setup2_asr/2333": [0.06074766355140187, 0.0], "badword_setup2_asr/10007": [0.08411214953271028, 0.0], "badword_setup2_asr": {"score": 0.06619937694704049, "rej": 0.0}, "badword_setup3_cacc/42": [0.8830275229357798, 0.0], "badword_setup3_cacc/2333": [0.9071100917431193, 0.0], "badword_setup3_cacc/10007": [0.911697247706422, 0.0], "badword_setup3_cacc": {"score": 0.900611620795107, "rej": 0.0}, "badword_setup3_asr/42": [0.03271028037383177, 0.0], "badword_setup3_asr/2333": [0.037383177570093455, 0.0], "badword_setup3_asr/10007": [0.04672897196261682, 0.0], "badword_setup3_asr": {"score": 0.03894080996884735, "rej": 0.0}, "addsent_setup1_cacc/42": [0.8922018348623854, 0.0], "addsent_setup1_cacc/2333": [0.8956422018348624, 0.0], "addsent_setup1_cacc/10007": [0.911697247706422, 0.0], "addsent_setup1_cacc": {"score": 0.8998470948012232, "rej": 0.0}, "addsent_setup1_asr/42": [0.07476635514018691, 0.0], "addsent_setup1_asr/2333": [0.07009345794392523, 0.0], "addsent_setup1_asr/10007": [0.08644859813084112, 0.0], "addsent_setup1_asr": {"score": 0.07710280373831775, "rej": 0.0}, "addsent_setup2_cacc/42": [0.893348623853211, 0.0], "addsent_setup2_cacc/2333": [0.8944954128440367, 0.0], "addsent_setup2_cacc/10007": [0.8990825688073395, 0.0], "addsent_setup2_cacc": {"score": 0.8956422018348623, "rej": 0.0}, "addsent_setup2_asr/42": [0.07009345794392523, 0.0], "addsent_setup2_asr/2333": [0.09345794392523364, 0.0], "addsent_setup2_asr/10007": [0.11682242990654206, 0.0], "addsent_setup2_asr": {"score": 0.09345794392523364, "rej": 0.0}, "addsent_setup3_cacc/42": [0.8979357798165137, 0.0], "addsent_setup3_cacc/2333": [0.9071100917431193, 0.0], "addsent_setup3_cacc/10007": [0.9059633027522935, 0.0], "addsent_setup3_cacc": {"score": 0.9036697247706421, "rej": 0.0}, "addsent_setup3_asr/42": [0.04439252336448598, 0.0], "addsent_setup3_asr/2333": [0.05841121495327103, 0.0], "addsent_setup3_asr/10007": [0.04439252336448598, 0.0], "addsent_setup3_asr": {"score": 0.04906542056074766, "rej": 0.0}, "synbkd_setup1_cacc/42": [0.9139908256880734, 0.0], "synbkd_setup1_cacc/2333": [0.9048165137614679, 0.0], "synbkd_setup1_cacc/10007": [0.911697247706422, 0.0], "synbkd_setup1_cacc": {"score": 0.9101681957186546, "rej": 0.0}, "synbkd_setup1_asr/42": [0.2336448598130841, 0.0], "synbkd_setup1_asr/2333": [0.29205607476635514, 0.0], "synbkd_setup1_asr/10007": [0.24766355140186916, 0.0], "synbkd_setup1_asr": {"score": 0.25778816199376947, "rej": 0.0}, "synbkd_setup2_cacc/42": [0.9094036697247706, 0.0], "synbkd_setup2_cacc/2333": [0.908256880733945, 0.0], "synbkd_setup2_cacc/10007": [0.9128440366972477, 0.0], "synbkd_setup2_cacc": {"score": 0.9101681957186544, "rej": 0.0}, "synbkd_setup2_asr/42": [0.2616822429906542, 0.0], "synbkd_setup2_asr/2333": [0.18925233644859812, 0.0], "synbkd_setup2_asr/10007": [0.2616822429906542, 0.0], "synbkd_setup2_asr": {"score": 0.23753894080996885, "rej": 0.0}, "synbkd_setup3_cacc/42": [0.9139908256880734, 0.0], "synbkd_setup3_cacc/2333": [0.9071100917431193, 0.0], "synbkd_setup3_cacc/10007": [0.8956422018348624, 0.0], "synbkd_setup3_cacc": {"score": 0.9055810397553516, "rej": 0.0}, "synbkd_setup3_asr/42": [0.2523364485981308, 0.0], "synbkd_setup3_asr/2333": [0.2102803738317757, 0.0], "synbkd_setup3_asr/10007": [0.21728971962616822, 0.0], "synbkd_setup3_asr": {"score": 0.22663551401869161, "rej": 0.0}, "stylebkd_setup1_cacc/42": [0.9139908256880734, 0.0], "stylebkd_setup1_cacc/2333": [0.893348623853211, 0.0], "stylebkd_setup1_cacc/10007": [0.9174311926605505, 0.0], "stylebkd_setup1_cacc": {"score": 0.9082568807339451, "rej": 0.0}, "stylebkd_setup1_asr/42": [0.16121495327102803, 0.0], "stylebkd_setup1_asr/2333": [0.27102803738317754, 0.0], "stylebkd_setup1_asr/10007": [0.2850467289719626, 0.0], "stylebkd_setup1_asr": {"score": 0.2390965732087227, "rej": 0.0}, "stylebkd_setup2_cacc/42": [0.9036697247706422, 0.0], "stylebkd_setup2_cacc/2333": [0.9013761467889908, 0.0], "stylebkd_setup2_cacc/10007": [0.8944954128440367, 0.0], "stylebkd_setup2_cacc": {"score": 0.8998470948012233, "rej": 0.0}, "stylebkd_setup2_asr/42": [0.17757009345794392, 0.0], "stylebkd_setup2_asr/2333": [0.17289719626168223, 0.0], "stylebkd_setup2_asr/10007": [0.2897196261682243, 0.0], "stylebkd_setup2_asr": {"score": 0.21339563862928346, "rej": 0.0}, "stylebkd_setup3_cacc/42": [0.9071100917431193, 0.0], "stylebkd_setup3_cacc/2333": [0.9185779816513762, 0.0], "stylebkd_setup3_cacc/10007": [0.9036697247706422, 0.0], "stylebkd_setup3_cacc": {"score": 0.9097859327217126, "rej": 0.0}, "stylebkd_setup3_asr/42": [0.17289719626168223, 0.0], "stylebkd_setup3_asr/2333": [0.2102803738317757, 0.0], "stylebkd_setup3_asr/10007": [0.2219626168224299, 0.0], "stylebkd_setup3_asr": {"score": 0.2017133956386293, "rej": 0.0}}