{"snli_premise_cf/42": [0.5825, 0.0], "snli_premise_cf/2333": [0.575, 0.0], "snli_premise_cf/10007": [0.5425, 0.0], "snli_premise_cf": {"acc": 0.5666666666666667, "rej": 0.0}, "snli_hypothesis_cf/42": [0.645, 0.0], "snli_hypothesis_cf/2333": [0.64, 0.0], "snli_hypothesis_cf/10007": [0.65, 0.0], "snli_hypothesis_cf": {"acc": 0.645, "rej": 0.0}, "control_raising_cf/42": [0.283, 0.0], "control_raising_cf/2333": [0.277, 0.0], "control_raising_cf/10007": [0.233, 0.0], "control_raising_cf": {"acc": 0.26433333333333336, "rej": 0.0}, "irregular_form_cf/42": [0.406, 0.0], "irregular_form_cf/2333": [0.423, 0.0], "irregular_form_cf/10007": [0.41, 0.0], "irregular_form_cf": {"acc": 0.413, "rej": 0.0}, "main_verb_cf/42": [0.348, 0.0], "main_verb_cf/2333": [0.376, 0.0], "main_verb_cf/10007": [0.372, 0.0], "main_verb_cf": {"acc": 0.36533333333333334, "rej": 0.0}, "syntactic_category_cf/42": [0.416, 0.0], "syntactic_category_cf/2333": [0.307, 0.0], "syntactic_category_cf/10007": [0.372, 0.0], "syntactic_category_cf": {"acc": 0.365, "rej": 0.0}}