{
    "hf/mistralai/Mistral-7B-Instruct-v0.1": {
        "mnli": {
            "acc": 0.04911833517041647
        },
        "qqp": {
            "acc": 0.348205140232706
        },
        "sst2": {
            "acc": 0.4777743945823516
        }
    }
}