BaseModel,TargetModel,Transferability,Accuracy,AccuracyNoRefusal,Task,RR+NE,TaskDataCount,HasDemo
alpaca,/hf/mistralai/Mistral-7B-Instruct-v0.1,0.6249411764705882,0.3750588235294118,0.4185924369747899,sst2,0.104,2125,True
alpaca,/hf/mistralai/Mistral-7B-Instruct-v0.1,0.8111111111111111,0.18888888888888888,0.18888888888888888,qqp,0.0,1080,True
alpaca,/hf/mistralai/Mistral-7B-Instruct-v0.1,0.8543632075471698,0.14563679245283018,0.49105367793240556,mnli,0.7034198113207547,1696,True
vicuna,/hf/mistralai/Mistral-7B-Instruct-v0.1,0.41838538597525043,0.5816146140247496,0.6351351351351351,sst2,0.08426635238656452,1697,True
vicuna,/hf/mistralai/Mistral-7B-Instruct-v0.1,0.4404490440273636,0.5595509559726364,0.5595509559726364,qqp,0.0,5701,True
vicuna,/hf/mistralai/Mistral-7B-Instruct-v0.1,1.0,0.0,0.0,mnli,0.8661887694145759,837,True
stable-vicuna,/hf/mistralai/Mistral-7B-Instruct-v0.1,0.5233502538071066,0.4766497461928934,0.5173553719008265,sst2,0.07868020304568528,1970,True
stable-vicuna,/hf/mistralai/Mistral-7B-Instruct-v0.1,0.7038244241634072,0.29617557583659276,0.29617557583659276,qqp,0.0,4602,True
stable-vicuna,/hf/mistralai/Mistral-7B-Instruct-v0.1,0.9982817869415808,0.001718213058419244,0.006493506493506494,mnli,0.7353951890034365,1164,True
